<?xml version='1.0' encoding='utf-8'?>
<!DOCTYPE hibernate-configuration PUBLIC
        "-//Hibernate/Hibernate Configuration DTD 3.0//EN"
        "http://hibernate.sourceforge.net/hibernate-configuration-3.0.dtd">

<hibernate-configuration>
    <session-factory>
        <property name="hibernate.connection.driver_class">com.mysql.cj.jdbc.Driver</property>
        <property name="hibernate.connection.url">jdbc:mysql://localhost:3306/studentdb</property>
        <property name="hibernate.connection.username">root</property>
        <property name="hibernate.connection.password">your_password_here</property>

        <property name="connection.pool_size">5</property>
        <property name="hibernate.dialect">org.hibernate.dialect.MySQL8Dialect</property>
        <property name="show_sql">true</property>
        <property name="hbm2ddl.auto">update</property>

        <mapping class="com.example.Student"/>
    </session-factory>
</hibernate-configuration>
